0,1,2,3
1,-0.383362085,-0.487992406,0
1,-2.360334873,-2.440053463,0
1,-0.35844329,0.141981184,0
1,0.991341054,0.804249108,0
1,-0.133086324,-0.237400368,0
1,1.210154533,1.145366907,0
1,0.25889796,0.449732423,0
1,1.754554987,1.53313899,0
1,-1.430577397,-0.843237698,0
1,1.390210867,1.594129562,0
1,1.10375309,0.832792342,0
1,0.927716076,0.794107318,0
1,-1.096549153,-0.871261775,0
1,-0.000955767,-0.115844756,0
1,0.013501601,-0.019996546,0
1,-0.683217168,-0.88293767,0
1,0.022097174,-0.009863211,0
1,0.012245389,0.091054931,0
1,-0.406231791,0.01588439,0
1,-0.161117151,0.332682729,0
1,0.377541631,0.226469696,0
1,-0.155670747,-0.043271232,0
1,-0.470498264,-0.061943572,0
1,-1.203188896,-1.046833158,0
1,0.348013967,0.316196918,0
1,-1.430602074,-1.3606354,0
1,1.40331459,1.185254931,0
1,0.388069063,0.752428174,0
1,-0.251538306,0.463170201,0
1,-0.668093443,-0.628626108,0
1,0.276508093,0.583938181,0
1,0.367988557,0.10737785,0
1,-0.563003361,-0.558968842,0
1,-1.162467241,-1.185739517,0
1,2.698905945,2.948525429,0
1,1.610821843,2.097419262,0
1,-1.730934024,-1.865973115,0
1,1.370947838,0.929154217,0
1,-0.829719722,-0.893635094,0
1,0.629321098,0.552345037,0
1,-2.117095709,-2.007390261,0
1,-0.859186232,-0.613506496,0
1,-1.173424721,-0.837795913,0
1,0.735553563,0.667505205,0
1,0.863635421,0.638745844,0
1,-1.047814012,-1.206483126,0
1,0.187701166,-0.031389758,0
1,0.46130693,0.71056968,0
1,0.516056776,0.363596976,0
1,-0.56648314,-0.408215135,0
1,-0.809454858,-0.755454421,0
1,1.632021785,1.831339002,0
1,-0.653042376,-0.331078976,0
1,0.437246114,1.234395504,0
1,1.10194242,1.331825137,0
1,0.031645287,-0.122399583,0
1,-0.761368155,-0.850364149,0
1,2.490804672,2.121678829,0
1,-0.805754542,-0.098047704,0
1,1.465305567,1.45994699,0
1,-1.528439164,-1.33652997,0
1,0.5957219,0.146069854,0
1,1.877000332,1.640491724,0
1,0.719392061,0.008158464,0
1,1.624359012,1.720381141,0
1,0.523196757,0.284498394,0
1,0.530880213,0.273905665,0
1,-1.175148368,-0.656549394,0
1,-2.159760237,-1.935302377,0
1,-0.969089806,-0.506418347,0
1,-1.948249936,-1.484911442,0
1,-1.096686602,-1.297381282,0
1,1.440885663,1.718265772,0
1,0.101454481,0.083849758,0
1,1.083931088,0.672534108,0
1,-1.458067536,-1.310989738,0
1,0.989904523,1.113366365,0
1,-0.384267628,-0.219244346,0
1,-2.199691296,-2.210665226,0
1,1.257748723,1.269304514,0
1,0.55148977,0.724962175,0
1,-0.262680769,-0.153107286,0
1,0.494509816,0.625326514,0
1,0.422051609,0.585623384,0
1,0.474054337,0.120383166,0
1,-0.380609393,-0.603895903,0
1,-1.495755911,-1.355680823,0
1,-0.477845907,-0.44579789,0
1,0.435975432,-0.318764657,0
1,-1.078105927,-1.335487485,0
1,-0.843275547,-1.045190334,0
1,0.176773533,0.105878487,0
1,1.052581429,0.998282313,0
1,-0.404866815,-0.535841525,0
1,1.33881557,1.157548904,0
1,-0.428063422,-0.065286256,0
1,-0.870871007,-0.779986024,0
1,0.839680791,1.126464367,0
1,0.014038249,-0.061850637,0
1,-0.996352017,-0.800972342,0
1,-0.311258167,-0.675408423,0
1,0.872244596,0.333428711,0
1,-0.196456864,-0.187526196,0
1,-0.95435673,-0.887302697,0
1,0.02946052,0.697171807,0
1,1.227906823,0.805337906,0
1,0.519925535,0.685848415,0
1,0.414600998,0.275227278,0
1,0.874305606,1.340059996,0
1,0.786404729,0.444656789,0
1,0.248704165,-0.006726625,0
1,0.018525068,0.440736681,0
1,0.448712975,0.432968408,0
1,0.394225508,0.333592117,0
1,-0.89342773,-0.725310385,0
1,0.4845061,0.190129533,0
1,0.000884054,0.264173269,0
1,0.037319519,-0.003049557,0
1,1.628014326,1.94233489,0
1,1.67509079,1.269652724,0
1,0.365503669,0.376459032,0
1,0.076247871,-0.165270105,0
1,0.405172974,0.213226035,0
1,1.827189565,1.74638772,0
1,0.618790984,0.751352966,0
1,-0.009016669,0.295764059,0
1,-0.829672635,-0.545255661,0
1,-1.302790761,-1.083564758,0
1,-0.049678028,0.378213912,0
1,0.922553897,0.911336541,0
1,-0.803375185,-0.894289553,0
1,-0.57891947,-0.832993507,0
1,0.447324932,0.62004143,0
1,-0.892221093,-0.513647556,0
1,0.022031795,0.11633949,0
1,-0.692223132,-0.544408143,0
1,1.376374722,1.19609654,0
1,-1.228106022,-1.621491909,0
1,-0.553677559,-0.688261569,0
1,-0.86754936,-1.113630772,0
1,0.272073328,-0.36873123,0
1,-0.128491297,0.211308956,0
1,1.294497252,1.669462562,0
1,0.714187682,0.697984636,0
1,2.569135427,2.910227537,0
1,0.949753106,0.779587984,0
1,1.419107556,1.105166197,0
1,-1.048553109,-1.209536076,0
1,-0.855882406,-0.911602795,0
1,-0.261675388,-0.421784699,0
1,-0.831079483,-0.012501885,0
1,-0.724660516,-0.564699888,0
1,0.310125083,0.629802525,0
1,-1.072979331,-1.611227512,0
1,1.030648828,1.695288897,0
1,-0.440970093,-0.400113374,0
1,-0.729294658,-0.38246721,0
1,-0.75547272,-0.826017797,0
1,-2.039707422,-2.03571558,0
1,0.951851904,0.775687933,0
1,0.190598443,0.070676975,0
1,0.135551855,0.235311002,0
1,3.365728855,3.119484425,0
1,-1.027408481,-0.84937191,0
1,0.770834684,0.573349357,0
1,-1.086980104,-1.165318847,0
1,0.230121553,0.816949964,0
1,0.257030547,0.473408371,0
1,0.037065729,0.053125881,0
1,1.06606853,0.804552078,0
1,-1.062173843,-1.422322512,0
1,-0.085012682,-0.462729663,0
1,0.243295491,0.231529206,0
1,1.429740787,1.78861618,0
1,-0.010579502,0.373554289,0
1,0.778348088,1.066704273,0
1,-2.339114189,-2.270640612,0
1,0.563238859,0.714618981,0
1,-0.105851978,-0.172259361,0
1,0.210511163,0.027470386,0
1,-0.357293248,-0.479778171,0
1,0.717177033,0.975001931,0
1,-0.254536897,0.581997275,0
1,0.359752834,0.132910684,0
1,0.483911157,0.601259112,0
1,0.888319254,0.488828361,0
1,-1.422508359,-1.814676523,0
1,-1.516908407,-1.472302437,0
1,0.785259843,1.312215567,0
1,0.360201597,0.041587085,0
1,-0.267991692,0.13881816,0
1,-0.805783212,-0.544501662,0
1,-1.766193867,-1.6983428,0
1,-0.335356146,-0.406818599,0
1,1.459248066,1.413542151,0
1,-1.322934985,-1.870342255,0
1,-1.36839354,-1.285687447,0
1,0.888714194,0.90941745,0
1,-1.663357258,-1.844597936,0
1,-0.959556699,-0.601740599,0
1,0.785768807,0.985849857,0
1,-0.453453302,-0.603393435,0
1,-0.619259596,-0.733479202,0
1,0.76539427,0.374938488,0
1,-0.312770009,-0.448491782,0
1,0.733568311,0.370222628,0
1,1.472772956,1.223193645,0
1,-0.59209156,-0.849463582,0
1,-1.491235971,-1.362132907,0
1,0.034172229,-0.346325874,0
1,-1.701230049,-2.156798363,0
1,-0.795253754,-0.259460092,0
1,0.304519534,0.088369742,0
1,-0.126019821,0.163538113,0
1,-1.437185884,-1.246045947,0
1,1.162562132,0.949364543,0
1,0.00093007,-0.402628779,0
1,-0.117045343,0.591606379,0
1,0.86065948,1.227660418,0
1,0.975121498,0.867375135,0
1,0.307293057,-0.168795168,0
1,-0.101287358,0.308803409,0
1,-0.818498135,-0.597843528,0
1,0.817312658,0.771443248,0
1,-0.307089686,-0.092466034,0
1,-1.167616248,-1.483632326,0
1,-1.632914543,-1.723424077,0
1,0.439543813,0.05739937,0
1,0.103021652,0.030862911,0
1,1.265047193,1.172903538,0
1,-0.054777212,-0.184884027,0
1,-0.607441068,-0.931474805,0
1,-0.849281847,-0.908094645,0
1,-0.075837567,-0.659336329,0
1,-0.117734045,-0.137308612,0
1,-0.737378478,-1.11049664,0
1,-1.175704002,-1.518062115,0
1,-1.391552091,-1.208710551,0
1,0.401901513,1.088040352,0
1,1.20777595,1.153392911,0
1,-0.286963582,-0.12196108,0
1,-0.34989509,-0.097187921,0
1,-0.458639175,-0.448298633,0
1,0.972424984,0.863314688,0
1,-0.706687391,-1.075566888,0
1,0.214284301,-0.433475584,0
1,0.943504989,0.430216551,0
1,-0.940683603,-1.51708746,0
1,0.121415399,0.351769328,0
1,-0.723476291,-0.478973806,0
1,-1.123858094,-0.974122643,0
1,-0.815538883,-0.832659841,0
1,0.303660959,-0.253026605,0
1,-0.366957098,0.033791009,0
1,0.923493207,0.553586721,0
1,-0.269454211,0.089280576,0
1,-0.954152286,-1.428641081,0
1,-0.340597689,-0.548121989,0
1,0.082993537,-0.630954802,0
1,-0.847643912,-0.972740948,0
1,-0.174025506,-0.230836153,0
1,0.93786478,1.104054332,0
1,0.584459662,0.366763353,0
1,-0.637682498,-0.664119601,0
1,0.542199492,0.839228511,0
1,0.587947428,0.578033388,0
1,-0.874200404,-0.575773239,0
1,-1.44701755,-0.923109055,0
1,0.081785426,-0.170620099,0
1,-1.847335696,-1.40727067,0
1,0.184725344,0.406465828,0
1,0.61908257,0.126620755,0
1,-1.079831839,-0.970400691,0
1,-0.388055742,0.146371096,0
1,-1.31324029,-1.516139507,0
1,1.394160628,0.795002878,0
1,0.054907665,-0.067195699,0
1,-0.360660017,-0.356596887,0
1,0.712009609,0.584142983,0
1,1.344184041,1.732631922,0
1,0.429031104,0.622675061,0
1,0.638271689,0.660677135,0
1,-0.578849256,-0.66543299,0
1,0.437317342,1.172613382,0
1,0.106136195,0.285839915,0
1,0.202180326,-0.042335864,0
1,-1.359575272,-1.235878825,0
1,0.023188755,-0.696436346,0
1,-0.416287005,-0.150794253,0
1,-0.255964607,-0.302903503,0
1,-1.216756701,-1.138930559,0
1,-0.737210631,-0.40938729,0
1,-0.780499995,-1.196099043,0
1,-0.211644441,-0.452490449,0
1,1.937398314,2.027657509,0
1,1.789816737,1.642302394,0
1,2.639108658,2.316233158,0
1,0.465125561,0.462672144,0
1,0.679235816,0.386903018,0
1,0.647429347,1.13195765,0
1,0.480206609,0.449247748,0
1,-1.584933758,-2.136002541,0
1,2.204494476,1.881245494,0
1,0.572182775,0.209313154,0
1,0.056682028,0.028443627,0
1,1.506485105,1.557325721,0
1,1.308452368,1.529197574,0
1,-0.562290549,0.129223078,0
1,-0.777288973,-0.843943179,0
1,-0.355295092,-0.311101407,0
1,0.9688012,0.506922901,0
1,-1.316967011,-0.838871717,0
1,0.506808877,0.422918022,0
1,0.326745898,0.644250035,0
1,-1.049703479,-1.327475309,0
1,0.427982092,0.256464422,0
1,-0.325948983,-0.084814206,0
1,-1.006431699,-1.095564246,0
1,0.89296478,1.061800122,0
1,-0.525826752,-0.638063729,0
1,-0.218365729,-0.106197044,0
1,-0.877137423,-0.855475426,0
1,-0.506185353,-0.450309575,0
1,0.84504503,1.0671556,0
1,-0.263472766,0.069554895,0
1,1.28343606,1.061166286,0
1,-0.050227519,-0.59306401,0
1,0.203128383,0.061413232,0
1,0.449937582,0.370119572,0
1,2.194851398,2.207982302,0
1,-0.239153504,0.092732064,0
1,-1.481747389,-1.369579673,0
1,-0.535213888,-1.292225003,0
1,-0.71496743,-0.365475982,0
1,-0.896720529,-0.821700931,0
1,0.409000725,0.293680489,0
1,-0.090765804,0.044869564,0
1,-0.549500525,-0.579398334,0
1,0.952394545,1.528929472,0
1,1.277997732,0.430995703,0
1,-1.568271637,-1.247899055,0
1,-0.34005633,-0.032390315,0
1,-0.307578921,-0.57089752,0
1,0.080585338,-0.310219288,0
1,0.778708339,0.504621804,0
1,-0.322372049,0.013882762,0
1,0.564559937,0.71011734,0
1,2.274775982,1.93575573,0
1,-0.680050075,-0.377161205,0
1,-1.10049355,-0.76231426,0
1,1.700456262,1.535816908,0
1,2.572063684,2.522769451,0
1,-0.178241968,-0.285617769,0
1,0.84735918,0.983174026,0
1,-0.546094716,-0.503848195,0
1,0.588934541,0.602548659,0
1,-0.126488298,-0.041961573,0
1,-0.610102892,-0.618612468,0
1,1.470442176,1.383800745,0
1,-0.297003955,-0.436016172,0
1,-0.107149921,-0.323701084,0
1,-1.390031219,-1.262300849,0
1,-0.257910997,-0.018527342,0
1,-0.768164456,-0.73963958,0
1,-1.092095733,-0.884841204,0
1,-0.212143525,-0.211262047,0
1,1.063768387,1.124847293,0
1,-0.043370396,-0.30695343,0
1,-1.343622804,-1.344972253,0
1,1.124800444,0.992654681,0
1,0.047306441,0.03608625,0
1,0.764939964,0.776051342,0
1,1.506828785,1.370948672,0
1,-0.322714061,-0.535696447,0
1,-0.764991283,-0.511756361,0
1,0.967018306,0.208288208,0
1,-1.082514048,-0.656433105,0
1,1.537635684,1.604025364,0
1,-0.066999957,-0.577699542,0
1,0.329745293,0.727253556,0
1,-0.232783198,-0.223400071,0
1,-1.065867186,-1.247327209,0
1,1.545743346,1.978787184,0
1,0.749403477,0.755023658,0
1,-1.220193386,-1.123217821,0
1,-0.102801792,-0.285054862,0
1,-0.957925677,-0.252114236,0
1,0.704741478,0.363738626,0
1,-0.228227079,-0.446739227,0
1,-0.174497932,-0.153977439,0
1,-0.569619,-0.492969185,0
1,-0.56225282,-0.145654038,0
1,0.895832181,0.926015794,0
1,-0.180308059,-0.549863636,0
1,0.930801272,0.841051042,0
1,0.295699865,0.665133476,0
1,-0.650966108,0.291836828,0
1,0.361953229,0.279453129,0
1,-2.197475195,-2.358196735,0
1,-1.735424161,-2.70364666,0
1,0.371789753,0.831896544,0
1,-1.708685279,-1.546329737,0
1,0.598509371,0.572542131,0
1,-0.886301756,-0.767556489,0
1,-0.895237803,-1.10413301,0
1,-1.098234296,-0.671992183,0
1,-3.240618706,-2.990475655,0
1,-0.640556574,-0.885821581,0
1,1.60817039,0.905544579,0
1,-0.856423736,-0.193779185,0
1,0.411633432,-0.353298485,0
1,-0.236993,-0.280540556,0
1,0.0111322,0.590198934,0
1,-1.543214202,-1.046923637,0
1,0.639283299,0.778029025,0
1,0.817136228,1.203777552,0
1,0.817578971,1.241303682,0
1,-0.374383032,-0.276535094,0
1,1.220913649,1.469985127,0
1,1.910736918,1.54047811,0
1,0.511674225,1.190621853,0
1,-0.08416044,-0.2766819,0
1,-0.97928369,-0.203368887,0
1,0.239822716,-0.072285444,0
1,1.028488874,1.033192873,0
1,-1.716976404,-1.739800692,0
1,0.315890104,0.023129197,0
1,0.887541771,1.239046693,0
1,-0.483372599,-0.331593096,0
1,1.199573874,1.397205353,0
1,-0.632265091,-0.13164717,0
1,-1.082980394,-1.139087439,0
1,-0.446155995,-0.326402903,0
1,0.170489788,-0.088718444,0
1,-1.311829805,-0.578370333,0
1,-0.228666887,0.309379011,0
1,0.314042002,0.222293571,0
1,0.01404094,-0.063947499,0
1,-1.206965923,-0.822113276,0
1,2.352855444,2.627931356,0
1,-0.728415966,-0.157706663,0
1,0.805081964,0.86314404,0
1,-1.409187555,-1.10818994,0
1,-1.455795765,-1.686762691,0
1,0.511367202,0.715666771,0
1,1.226776123,1.385326743,0
1,-1.041760921,-0.915793657,0
1,1.368097067,1.201388597,0
1,0.191101164,0.33895278,0
1,-0.228569716,-0.352033794,0
1,1.908908606,1.341703653,0
1,1.126810551,0.807228267,0
1,0.770966232,0.435829341,0
1,0.229086876,0.040130097,0
1,-0.204423785,-0.203349158,0
1,-0.440734982,-0.744556069,0
1,1.051136971,0.699697673,0
1,-0.208749264,0.023357306,0
1,-1.171648145,-1.117617965,0
1,0.016088979,0.251605749,0
1,0.203485325,-0.112294123,0
1,-0.671666205,-0.803866804,0
1,1.48889339,1.430660248,0
1,0.82294184,0.810787439,0
1,0.761816263,0.659162402,0
1,0.619433463,0.580741584,0
1,-0.60626471,-0.529276073,0
1,-0.160755873,0.162567005,0
1,1.318355203,1.371015787,0
1,-1.243498683,-1.066575527,0
1,-0.964094043,-1.257004619,0
1,-1.020699143,-1.242414236,0
1,-1.156157374,-1.075752258,0
1,-0.725506842,-0.972402334,0
1,0.503114283,-0.078352183,0
1,-0.478819549,-0.241817072,0
1,-0.562008977,-0.198346674,0
1,-0.653994977,-0.601688206,0
1,-0.506163597,-0.66519022,0
1,-1.007573962,-0.905849457,0
1,-0.364224315,-0.391610086,0
1,0.661517739,0.378252238,0
1,0.097723201,0.341416478,0
1,1.657349706,1.714246273,0
1,-3.613595486,-3.520162106,0
1,-0.012031674,0.140925661,0
1,0.000227311,0.067736253,0
1,-0.132062867,-0.405954808,0
1,-1.356920958,-1.249199748,0
1,-1.27208817,-1.177678108,0
1,-1.209888101,-1.149257898,0
1,-3.33549118,-2.927700043,0
1,-1.464716911,-1.43552947,0
1,1.38393569,1.334154844,0
1,-0.709159076,-0.61555177,0
1,0.493214577,0.307884693,0
1,1.102966905,1.007124782,0
1,-0.885051727,-0.632262766,0
1,-0.754623473,-0.771970391,0
1,-0.330574721,-0.295265496,0
1,-0.59933126,-0.472551674,0
1,-0.707236171,-0.714068234,0
1,-0.25703764,0.209562659,0
1,-1.029102564,-1.663489819,0
1,-0.478449315,-0.348365575,0
1,-0.546878874,-1.200518489,0
1,1.680866599,1.552229404,0
1,0.070136592,-0.286216855,0
1,-1.248161912,-0.931898773,0
1,-0.748720884,-0.493145347,0
1,1.173370957,1.120645881,0
1,2.145968199,2.443037033,0
1,-1.14987874,-1.033952594,0
1,1.000341654,1.003174305,0
1,-0.714425743,-1.106291771,0
1,-0.303715914,-0.087674074,0
1,0.855388403,0.67445451,0
1,-1.256782413,-1.024407864,0
1,-1.41267097,-1.331438661,0
1,0.955160618,0.938586175,0
1,0.647259235,0.567922115,0
1,-0.709586382,-0.238066986,0
1,-0.458718657,0.128262758,0
1,1.284093142,1.232013345,0
1,0.272872746,-0.378610373,0
1,1.597643733,1.502408266,0
1,-0.209857672,-0.065594435,0
1,-0.06560427,-0.149944678,0
1,1.286172867,1.310390711,0
1,-1.667697191,-1.518814445,0
1,0.612561405,0.666272521,0
1,-0.652181327,-0.249739602,0
1,0.410301775,0.578351438,0
1,-0.542288899,-0.623992026,0
1,0.114478841,-0.003578798,0
1,-0.150112092,-0.054991838,0
1,1.155468345,1.123585224,0
1,-1.527133226,-1.516991138,0
1,1.540764451,2.006514072,0
1,0.149143875,0.215849638,0
1,-0.505269945,-0.615288198,0
1,1.053893566,0.840489566,0
1,-0.309287727,-0.298666358,0
1,-0.106784388,0.573703587,0
1,-0.447116256,-0.131745949,0
1,-2.141049623,-2.081779718,0
1,0.366739482,0.30443126,0
1,-0.464745939,0.113519542,0
1,-1.075679898,-1.120444894,0
1,0.362422049,0.617413104,0
1,-1.749964833,-1.910840988,0
1,-1.68505168,-1.561506152,0
1,-0.062683843,-0.115355372,0
1,0.636693954,0.51720506,0
1,-1.079593658,-1.492095351,0
1,0.338499397,0.349791437,0
1,1.101330638,0.973977923,0
1,1.197196841,1.414168119,0
1,-0.489108324,-0.898115039,0
1,-1.283829927,-1.579586864,0
1,2.071994781,1.53425169,0
1,-0.124493934,-0.846376717,0
1,0.025911713,0.108404078,0
1,-0.934272408,-1.031596303,0
1,-1.094207644,-1.215401173,0
1,-0.761397898,-1.060793281,0
1,-0.264402509,-0.357281238,0
1,-0.540427506,0.155594945,0
1,-0.028401352,-0.007062323,0
1,-0.203711018,-0.093204126,0
1,2.010867596,2.249205351,0
1,1.615636468,0.991941571,0
1,0.071174607,-0.310817748,0
1,-0.419138014,-0.068571381,0
1,0.121965647,-0.188868061,0
1,-0.434384048,0.20957689,0
1,-0.357056201,0.202032447,0
1,-1.263044119,-1.632063627,0
1,-0.687773407,-1.099097252,0
1,-0.654933274,-0.473772466,0
1,0.412763327,-0.079219431,0
1,0.398049891,0.297277689,0
1,-0.466851205,-0.485376358,0
1,-0.461976469,-0.559289873,0
1,1.583747864,1.573805332,0
1,-1.243910313,-1.513463736,0
1,1.313022375,0.705006301,0
1,-1.659784913,-1.993871212,0
1,-1.071182609,-1.020604968,0
1,0.113507368,0.137571543,0
1,-2.103798151,-1.565261722,0
1,-0.442137718,-0.575750172,0
1,-1.554366112,-1.334002733,0
1,-0.201672748,-0.036671005,0
1,0.621155679,0.856667519,0
1,0.291497916,0.221520096,0
1,1.111099243,1.14616394,0
1,-0.19598332,-0.657171547,0
1,-0.392299235,-0.249632597,0
1,-1.474296808,-1.112913013,0
1,0.374232709,0.763762057,0
1,-0.484002084,-0.547179937,0
1,0.601767004,0.888474703,0
1,-0.754713058,-0.895833373,0
1,-0.26790002,-0.392582983,0
1,0.889692426,0.604958296,0
1,-0.67704016,-0.575054765,0
1,-0.418857127,-0.341657788,0
1,-0.219453514,0.074621126,0
1,1.463012815,1.720463157,0
1,1.137228489,1.076833963,0
1,-0.126715407,-0.117274806,0
1,-0.310785651,-0.586292624,0
1,-1.817346573,-1.474446893,0
1,-0.630196393,-0.403538883,0
1,0.652205646,0.105944328,0
1,1.424881577,1.57504797,0
1,2.310509443,2.798183203,0
1,-0.274044931,-0.568820179,0
1,0.78445822,0.284144163,0
1,0.056361765,0.175189257,0
1,-0.977563322,-1.378864765,0
1,-1.077603817,-1.008323073,0
1,0.08064419,0.090129182,0
1,-0.645775318,-0.070007347,0
1,-1.581332088,-1.323268175,0
1,0.760806024,0.689895928,0
1,-0.934928119,-0.818009257,0
1,0.482109249,1.057549357,0
1,-2.416646004,-2.248533964,0
1,0.337557942,0.341626018,0
1,1.168964744,0.800950229,0
1,-0.303065598,-0.373638988,0
1,-1.370429873,-0.455997378,0
1,-0.483790249,-0.476133287,0
1,-0.263297647,-0.115060925,0
1,-1.506238937,-1.435658336,0
1,-0.728839338,-1.037732244,0
1,0.89306879,0.850248456,0
1,-0.825383604,-1.094070435,0
1,-1.190082669,-1.459141135,0
1,-0.250977278,-0.241429225,0
1,-1.481093764,-1.755699873,0
1,0.806441784,0.744435668,0
1,-0.911289454,-0.670633137,0
1,1.238101244,1.013305783,0
1,0.890708804,1.451960325,0
1,-0.606767178,-0.380043536,0
1,1.984558344,2.07993722,0
1,-0.007798881,0.320081532,0
1,1.268087387,1.739430428,0
1,-0.881817818,-0.652709603,0
1,0.730166197,1.389737725,0
1,-0.476174057,-0.328694105,0
1,-0.169313446,-0.208598182,0
1,-0.37818715,-0.272239089,0
1,-1.353893638,-1.128524184,0
1,0.47824192,0.593706012,0
1,-1.051169872,-1.198003531,0
1,-0.285848737,0.121684402,0
1,-0.548144221,-0.653246105,0
1,-0.930942595,-0.575384736,0
1,-0.907004178,-0.795406878,0
1,-1.823479056,-2.204310894,0
1,-0.619421303,-0.366552591,0
1,0.830057979,0.638008118,0
1,0.505804718,0.594372332,0
1,-0.138542876,0.069435492,0
1,-1.267042875,-1.418828487,0
1,-0.302627951,-0.137023777,0
1,1.861826062,1.822199821,0
1,1.718555212,1.485246778,0
1,0.712551057,1.064693093,0
1,0.675287426,0.475578606,0
1,-0.719256699,-0.762093186,0
1,1.167309761,1.513231397,0
1,-0.914339006,-1.017694235,0
1,1.738081098,1.515235543,0
1,0.677042067,1.172297359,0
1,0.610363603,0.844970703,0
1,-1.241278887,-1.152401805,0
1,-0.49641335,-0.100217424,0
1,-0.517903149,-1.007800698,0
1,-0.643892229,-1.346346498,0
1,0.5738253,0.815667272,0
1,1.699679494,2.014731169,0
1,-2.072355509,-2.15215826,0
1,1.589686751,2.091080904,0
1,1.211092353,0.791859031,0
1,1.290873885,1.092919588,0
1,0.470430821,1.04472971,0
1,1.310104251,0.743317544,0
1,1.767838359,1.588032603,0
1,-1.291393161,-1.768948197,0
1,0.224532261,0.415496171,0
1,0.484983146,0.36270839,0
1,0.467623234,0.540258646,0
1,0.645251334,1.063673973,0
1,1.742801309,2.005381107,0
1,-0.931256771,-0.953274608,0
1,0.232420757,0.590204716,0
1,1.102436185,0.998058498,0
1,0.934801519,0.988930225,0
1,1.110087514,0.876459897,0
1,-0.553594053,-0.589855552,0
1,-0.39414531,0.086420976,0
1,2.135390997,1.929600954,0
1,-0.153784737,0.267219365,0
1,1.166858315,1.105751753,0
1,-0.277100831,-0.640567601,0
1,0.521135807,0.500248611,0
1,0.507255375,0.668994725,0
1,-0.742625356,-0.88991487,0
1,-0.663970888,-0.537536442,0
1,0.172701344,-0.074287713,0
1,-1.373706341,-1.734235883,0
1,-0.33090809,-0.078212276,0
1,2.644375324,2.420826674,0
1,1.943802714,1.865850687,0
1,-0.45993185,-0.693881094,0
1,-0.126182228,0.086339436,0
1,0.813030124,0.709492445,0
1,0.995207429,1.144236684,0
1,0.08041504,0.529510438,0
1,-0.966510653,-1.394725204,0
1,-0.189457715,-0.129489273,0
1,-0.189765513,-0.080341272,0
1,0.090553783,0.386970669,0
1,-0.691262543,-0.56652981,0
1,0.386943877,0.744692087,0
1,1.234220862,1.550334811,0
1,-0.453921884,-0.722937584,0
1,-0.800025463,-0.060289744,0
1,0.062502109,-0.129184738,0
1,-0.275049716,-0.08953172,0
1,-1.708128929,-1.76690805,0
1,-0.992140591,-0.926028609,0
1,-1.280688643,-1.146873236,0
1,0.859027207,1.093589067,0
1,-1.086253643,-1.146069407,0
1,2.193938971,1.905560136,0
1,-0.147414356,0.073238879,0
1,0.341118604,0.659533083,0
1,0.722308636,0.291976392,0
1,-0.32619521,-0.539792836,0
1,-1.466625094,-1.122088909,0
1,0.493812084,0.297268629,0
1,-0.394194454,-0.035746671,0
1,-0.109859824,-0.150338411,0
1,-1.167014241,-0.956546724,0
1,0.761071563,0.555221856,0
1,2.193878174,2.115720034,0
1,0.305633724,0.452845961,0
1,0.750292718,0.612908483,0
1,0.483993679,0.313827515,0
1,0.409356147,0.217963576,0
1,-1.10748601,-1.163912177,0
1,-0.411696047,-0.308039278,0
1,1.376622558,0.735681832,0
1,1.235901713,1.10963583,0
1,0.272072583,-0.177256703,0
1,-0.508492291,-0.633528292,0
1,-0.583806157,-0.896362007,0
1,2.808771849,2.959154367,0
1,-0.730034113,-0.041332833,0
1,-0.057907011,0.017990856,0
1,-1.195596337,-2.088064671,0
1,1.816913486,1.178935528,0
1,-0.20064652,-0.307784259,0
1,-0.167216539,-0.69618082,0
1,0.852873027,0.803190947,0
1,0.377901435,0.241922617,0
1,-0.759500921,-1.033468246,0
1,0.723479033,0.51668185,0
1,-0.278688401,-0.653184891,0
1,1.361454844,1.003453612,0
1,1.85172224,1.726750493,0
1,1.182362318,0.469224364,0
1,0.767312348,0.716835022,0
1,-1.300398231,-1.397743464,0
1,-1.13083148,-1.133776188,0
1,-0.885065913,-1.331506133,0
1,1.614768863,1.47945559,0
1,0.53519237,0.482136101,0
1,-0.032106042,-0.462555498,0
1,0.101484381,-0.135694519,0
1,-1.691085935,-1.808607936,0
1,0.377773672,0.879244149,0
1,1.496947289,1.96965766,0
1,-0.115917444,-0.297144651,0
1,0.563599288,0.528063655,0
1,-0.038814452,-0.31285429,0
1,-0.326765507,-0.140587226,0
1,-0.106210798,0.33596319,0
1,1.041699052,1.040380239,0
1,-0.89806509,-0.790318131,0
1,-1.491320372,-1.221980929,0
1,0.960278034,1.378985286,0
1,0.487373143,0.816708922,0
1,-0.140024006,0.193409353,0
1,2.312378407,2.522523165,0
1,-0.022872923,0.443646848,0
1,-1.715786695,-1.294897676,0
1,0.171257094,0.179471225,0
1,0.872462749,0.84444952,0
1,-0.170575276,-0.00723453,0
1,-1.207562447,-1.486088276,0
1,-0.272768229,-0.075554796,0
1,0.426967293,-0.107669353,0
1,0.562749743,0.366123199,0
1,1.135453105,1.188230038,0
1,0.471200258,0.377161473,0
1,-0.04792469,-0.091211334,0
1,-0.5422647,-0.393121213,0
1,-0.217628449,-0.107374489,0
1,-0.601487577,-0.728351235,0
1,-1.168030024,-0.770015657,0
1,-0.029806189,0.380785674,0
1,-0.59212774,-0.451085746,0
1,-1.512654901,-1.930398583,0
1,-0.6776371,-0.896429777,0
1,0.196820989,-0.503608823,0
1,-0.950783014,-0.59522599,0
1,0.824419558,1.30039525,0
1,0.684284985,0.611404598,0
1,1.146665812,1.248101354,0
1,0.568077862,0.457971483,0
1,0.291020602,-0.107066616,0
1,-0.235643581,-0.391372502,0
1,-1.069571972,-1.159713507,0
1,-0.294708997,-0.234029114,0
1,-1.144217014,-0.769303679,0
1,0.375557274,-0.011390333,0
1,0.398919225,0.192373142,0
1,-0.281788439,-0.457821161,0
1,-0.051370397,-0.071585856,0
1,0.198678359,-0.186734214,0
1,-0.684561431,-0.920260906,0
1,2.019991398,1.694277644,0
1,0.728442788,0.511403441,0
1,0.026319316,-0.233384177,0
1,-0.056666989,0.148525566,0
1,1.227305055,0.949835062,0
1,-1.243905902,-1.162788868,0
1,-0.625935555,-0.73101759,0
1,0.229199886,0.137239203,0
1,0.788231909,1.082359552,0
1,1.409504414,1.152453899,0
1,1.017338634,1.543204308,0
1,0.855383992,1.170791507,0
1,1.158491015,1.747603893,0
1,-2.281280994,-2.336142778,0
1,-1.133597374,-1.57401824,0
1,0.368976355,0.731110513,0
1,0.115621075,-0.069920778,0
1,0.146900535,-0.065793164,0
1,0.653427184,0.909752488,0
1,2.079709053,1.860377908,0
1,-0.010945397,0.237864316,0
1,0.040914092,-0.129666969,0
1,1.869288683,2.738812923,0
1,0.775116801,0.953874886,0
1,1.215671062,1.46647656,0
1,1.589389801,1.370814085,0
1,0.231520995,-0.187321052,0
1,-0.665659904,-0.681844056,0
1,-1.156294703,-0.907871008,0
1,0.661608517,0.270742267,0
1,0.253287137,0.566089034,0
1,1.483972669,1.798695207,0
1,1.518626809,1.674714446,0
1,-0.267987967,-0.564890623,0
1,1.478522658,1.448581934,0
1,-0.226588652,-0.646993697,0
1,-0.395959765,-0.337819457,0
1,1.606826186,0.997831345,0
1,0.145190224,0.014950008,0
1,1.645981669,1.344691396,0
1,-2.122695923,-1.941427469,0
1,-0.321634412,-0.588457644,0
1,-0.096998617,0.233894944,0
1,1.076993465,0.867497206,0
1,0.531926572,0.348094136,0
1,-0.358057469,-0.618102431,0
1,-0.132703483,-0.06396094,0
1,-0.247237369,-0.195009097,0
1,1.643521905,1.214638114,0
1,1.806839943,1.846584558,0
1,-0.575487554,-0.435353726,0
1,-1.428696513,-1.51829052,0
1,-1.066949129,-1.018948317,0
1,-0.71182549,-0.944192469,0
1,0.236823201,-0.029510807,0
1,1.455942631,0.767705381,0
1,-1.010602713,-0.901707172,0
1,-2.827514172,-2.808227539,0
1,-0.223190486,-0.546328902,0
1,-0.994832635,-1.197983146,0
1,-2.472684622,-1.699168086,0
1,2.009529591,1.789964557,0
1,1.410004377,1.154401183,0
1,1.175150394,1.296676397,0
1,-1.314687252,-1.271739841,0
1,-1.480523467,-1.318980932,0
1,-1.355898499,-0.861491501,0
1,0.511601746,1.058351636,0
1,0.976073265,0.685504854,0
1,-0.732521892,-1.00708425,0
1,0.89019388,1.150153041,0
1,0.341607243,0.1638356,0
1,0.888122141,0.594131172,0
1,-0.20653367,-0.255808651,0
1,0.293365896,0.962418497,0
1,-0.449172527,-0.848846734,0
1,-0.197814852,-0.416567177,0
1,0.215498522,0.820420027,0
1,-1.339036703,-1.244416237,0
1,-0.874718547,-1.335519671,0
1,-0.843650758,-0.590371788,0
1,0.974543869,0.443783253,0
1,-0.632918537,-0.542177558,0
1,0.077874944,0.098109119,0
1,-0.242587432,0.045669515,0
1,-1.392216206,-1.535808444,0
1,-1.206959248,-1.352183104,0
1,0.757754683,0.674091101,0
1,-0.697969079,-0.543309033,0
1,0.212846503,-0.123380505,0
1,-0.886491895,-0.995913148,0
1,0.194334954,-0.072148211,0
1,-1.638810515,-1.780584335,0
1,1.255688548,1.502051473,0
1,-0.064702876,0.196643189,0
1,-0.511089623,-1.074872494,0
1,-0.077512674,0.650280535,0
1,-0.552440822,-0.399039477,0
1,-1.180860281,-0.790819645,0
1,-0.164757431,0.113668181,0
1,-0.789251685,-0.713652968,0
1,-0.111007459,0.130922928,0
1,-0.217288792,-0.513548553,0
1,1.295017242,1.279813766,0
1,-0.134862795,0.312715381,0
1,0.030266419,0.016053628,0
1,0.38162154,0.442514032,0
1,-0.548153996,-0.204633906,0
1,0.426068962,0.586327076,0
1,-0.618740737,-1.165995836,0
1,-0.124569274,-0.419853419,0
1,0.604768813,0.512783885,0
1,0.47523424,0.191478178,0
1,-0.225829124,-0.062094029,0
1,0.483949363,0.130768254,0
1,0.219845146,0.729092836,0
1,-0.468677223,-0.641579986,0
1,1.057180882,1.12266624,0
1,-0.520445526,0.164245054,0
1,1.509503961,1.636276364,0
1,-1.139642954,-0.805238903,0
1,1.344300866,1.480296016,0
1,-0.137312576,-0.035037506,0
1,-0.285573393,-0.513383508,0
1,-0.331989497,-0.613626778,0
1,1.603070736,1.407655597,0
1,-0.443754435,0.071438,0
1,0.197345927,0.654585183,0
1,0.97669816,0.763754845,0
1,1.496575832,1.456940889,0
1,-0.026602395,0.212628886,0
1,0.43919301,0.468238413,0
1,1.337471843,1.237753272,0
1,-1.423902273,-1.777873158,0
1,-0.06546931,0.183511436,0
1,-0.515673816,-0.607737362,0
1,0.806240916,0.38506493,0
1,-0.899195492,-1.440785289,0
1,0.651917636,0.242757559,0
1,0.914807022,0.460366458,0
1,0.125630096,0.332145274,0
1,0.77331388,0.710440755,0
1,0.090648443,-0.084906988,0
1,-1.401801348,-1.741772175,0
1,0.554493725,0.800210238,0
1,-0.026680307,-0.107878104,0
1,-0.695532143,-1.404314637,0
1,-0.419383496,-0.039314687,0
1,0.872367799,1.746926308,0
1,-0.378624111,-0.263487816,0
1,-0.506543994,-0.481881529,0
1,-1.980394125,-2.379732847,0
1,0.818033636,0.991701543,0
1,-0.413688719,-0.755612791,0
1,-0.874774992,-1.260165811,0
1,0.740767837,0.577891946,0
1,-0.039872382,-0.109874047,0
1,-0.36423406,-0.164692253,0
1,-0.53581059,-0.854407907,0
1,0.390323341,0.830485046,0
1,-0.724155784,-0.501457632,0
1,1.725399256,0.616238475,0
1,0.010887913,5.270871162,1
1,2.903388023,7.062736034,1
1,1.469330907,4.308541775,1
1,-0.253312498,3.857541561,1
1,1.615606785,5.907969952,1
1,0.994825721,5.514873981,1
1,-0.603214741,3.232338429,1
1,-0.074676409,4.901748657,1
1,2.259516716,6.270354271,1
1,1.816902041,6.231816292,1
1,2.002701998,6.187007427,1
1,1.419650674,5.567092419,1
1,2.069761753,4.854509354,1
1,2.367572308,7.010381699,1
1,-0.069895558,3.715893984,1
1,1.098665237,4.460185528,1
1,2.473686695,5.546331406,1
1,0.932784498,5.85351944,1
1,2.006464958,6.461196423,1
1,0.407852441,4.708364964,1
1,3.012536764,6.339047909,1
1,0.549097002,3.527402401,1
1,1.316918969,5.090153217,1
1,0.953435838,5.383128166,1
1,1.29487133,5.825190544,1
1,0.699116349,3.731050015,1
1,1.127634883,4.866243362,1
1,1.255207658,4.79766655,1
1,0.796354771,5.508060455,1
1,1.271415472,4.597872257,1
1,0.74306649,5.07579422,1
1,2.718207598,6.412844181,1
1,1.30673635,5.70602417,1
1,1.405782342,5.282536507,1
1,0.405458093,4.747091293,1
1,0.806760013,5.935251236,1
1,0.233901739,4.735634804,1
1,1.301502943,5.122332573,1
1,2.70334959,5.498662472,1
1,-0.1678911,3.800108433,1
1,2.090708971,5.93356657,1
1,0.21202679,4.279286861,1
1,0.324655354,3.483263493,1
1,1.08913815,4.953732491,1
1,-0.48979193,3.792760849,1
1,-0.017799521,4.698103905,1
1,0.799332082,3.959489107,1
1,-0.552675664,3.806312561,1
1,0.992892027,5.234790802,1
1,-0.837964654,3.615303278,1
1,0.900453269,5.232423306,1
1,1.612849593,5.886292934,1
1,0.89876765,5.123202801,1
1,3.156581879,6.344647408,1
1,-1.57278955,2.296631813,1
1,0.965530694,5.268027782,1
1,1.126642227,5.326473713,1
1,2.693098545,6.696600914,1
1,1.50096786,4.508417606,1
1,2.19092083,6.680187225,1
1,2.022887945,5.60868454,1
1,0.698643148,4.499408245,1
1,3.221369743,7.002621651,1
1,1.419045091,5.216488361,1
1,-0.24672772,3.971460342,1
1,1.044172406,6.466927528,1
1,1.48061502,4.642393589,1
1,1.869310975,5.172583103,1
1,1.880758643,5.844449043,1
1,1.711334467,6.297602654,1
1,0.911424935,4.649436951,1
1,1.426807284,5.373779774,1
1,1.269754052,4.832005978,1
1,0.79128468,3.816816092,1
1,0.73561734,4.915645599,1
1,0.473623425,4.996995926,1
1,1.619055152,5.995096684,1
1,3.173162937,6.631769657,1
1,2.09308362,6.449556351,1
1,3.009102583,7.474380493,1
1,1.197948098,4.850120068,1
1,2.470317125,6.274546623,1
1,-0.552448392,2.185961962,1
1,1.517128468,5.740062237,1
1,0.656183124,4.78929615,1
1,1.577144384,5.495230198,1
1,1.93131876,6.416253567,1
1,1.945064187,5.559758663,1
1,0.465285152,4.261246681,1
1,0.348962367,3.994047165,1
1,1.971073151,5.712046146,1
1,1.645906448,5.33844614,1
1,0.72778976,4.810977459,1
1,1.041657686,5.332237244,1
1,0.450306714,4.879055023,1
1,1.40591538,5.171236038,1
1,0.611071885,5.568865776,1
1,-0.460145354,3.651839495,1
1,1.640792847,6.001003265,1
1,-0.843388855,4.143741608,1
1,0.698388457,4.048048496,1
1,2.204921246,5.867619038,1
1,0.042363789,3.779938221,1
1,0.91538161,4.084269047,1
1,0.115175918,4.370654583,1
1,1.800568581,5.65192318,1
1,1.444770336,5.54571867,1
1,1.672230005,5.197924614,1
1,1.494082332,5.099714756,1
1,0.822022498,4.582345963,1
1,2.054152727,5.590091228,1
1,1.574507117,5.497042656,1
1,1.510998368,4.897483349,1
1,1.5502882,5.468547344,1
1,0.022517039,4.669459343,1
1,0.581433952,5.252764702,1
1,-0.664144218,3.60999155,1
1,-0.402312368,2.768201351,1
1,0.836453676,4.690677643,1
1,1.680012107,5.180230618,1
1,1.851576924,5.961585999,1
1,1.812578321,5.767499447,1
1,1.274952531,6.504851341,1
1,1.137681007,4.573260307,1
1,3.336550236,5.933759689,1
1,1.787859917,6.180590153,1
1,1.854105234,5.515629768,1
1,0.227560744,4.016294003,1
1,1.00849402,4.83426857,1
1,0.529908359,4.488269329,1
1,1.984473348,5.648174286,1
1,-0.112456143,4.223781586,1
1,0.013856803,4.906722546,1
1,1.380921364,5.828103065,1
1,2.702871561,6.833654881,1
1,1.547672749,5.501303196,1
1,1.051158309,6.033462524,1
1,0.686988652,5.272809505,1
1,1.441078186,5.562515736,1
1,1.46377337,5.049953938,1
1,1.020503402,5.353339195,1
1,-0.536882997,3.532649755,1
1,1.847932696,6.498960495,1
1,1.197166801,5.584064007,1
1,1.977649093,6.041572094,1
1,0.564881504,4.611793995,1
1,0.257509559,3.806743383,1
1,0.097430743,3.394862413,1
1,-0.900007248,3.752371311,1
1,0.781363666,3.970928192,1
1,0.53700012,4.242391586,1
1,1.471302748,5.523544788,1
1,-0.593833148,3.256719828,1
1,2.820188522,6.228275299,1
1,0.732510686,4.346160412,1
1,0.895701826,5.850767136,1
1,1.262009144,5.10125494,1
1,2.674314499,5.895120621,1
1,2.025563955,6.103163242,1
1,-0.330376029,3.245639563,1
1,0.788648605,5.065742016,1
1,2.477666378,6.26994276,1
1,1.978105307,6.007380486,1
1,2.061815977,5.622636795,1
1,3.058674812,6.971283913,1
1,0.738610208,5.071353436,1
1,0.801899493,5.646250725,1
1,2.695572138,6.332081318,1
1,2.274256945,6.586532116,1
1,-0.396754205,3.71187973,1
1,-0.373336196,4.178554058,1
1,2.362085342,5.998820782,1
1,1.52555263,5.18499279,1
1,2.848728895,6.110590458,1
1,-1.443096638,3.458084583,1
1,1.120329261,5.150619984,1
1,3.957642555,7.072348118,1
1,2.632553816,6.334584713,1
1,0.5737257,5.212171555,1
1,2.094708681,5.888781548,1
1,2.652323484,6.394821167,1
1,2.42001009,6.919564724,1
1,0.836873949,4.68367672,1
1,1.652207375,5.690405369,1
1,1.492983937,4.877789497,1
1,1.684396863,5.987981796,1
1,2.117669106,5.173069,1
1,0.128089651,5.03553772,1
1,1.069062471,4.470470428,1
1,1.431344509,5.735968113,1
1,0.340738297,4.475571632,1
1,0.735069871,5.024665833,1
1,0.898374796,4.355854034,1
1,3.180131435,7.170963764,1
1,0.280332327,5.00544548,1
1,1.886886835,5.569417477,1
1,2.63034606,6.047988892,1
1,-0.566175878,4.813214302,1
1,0.73945421,5.034857273,1
1,0.181829646,3.771891832,1
1,0.299895316,5.048751831,1
1,2.091630697,6.724435329,1
1,-0.937166035,3.840135574,1
1,0.128048167,3.783267975,1
1,0.787975311,3.528132439,1
1,2.049566269,6.29198885,1
1,0.792108357,4.918447495,1
1,0.826033294,5.004573345,1
1,1.755656958,6.525784492,1
1,1.160095572,4.872207642,1
1,0.947918117,4.741285324,1
1,0.916143477,4.397002697,1
1,2.405705452,5.332570553,1
1,2.436080933,6.055921555,1
1,1.220934868,6.217634201,1
1,0.813107133,4.637806416,1
1,-0.121130787,4.589042664,1
1,0.799430192,4.1671381,1
1,1.473660946,5.908399582,1
1,2.849976778,6.339843273,1
1,2.681010008,6.312170506,1
1,2.389100552,6.03139019,1
1,1.21246779,4.262074947,1
1,-1.475109577,2.74881959,1
1,1.120683551,5.7573843,1
1,0.496747404,4.653611183,1
1,0.887518525,4.881576061,1
1,1.41866076,5.36918354,1
1,0.48004967,4.575730801,1
1,0.38073346,4.365712166,1
1,0.12433058,4.557336807,1
1,1.561927676,5.135187626,1
1,-0.096494116,3.756382942,1
1,0.619141519,4.5507164,1
1,2.34914422,5.733388424,1
1,1.170644999,4.7961483,1
1,1.754530668,5.542850494,1
1,-0.861744285,3.608272791,1
1,0.068449266,4.162633419,1
1,2.566622019,6.967064857,1
1,-1.421730518,2.913452387,1
1,0.124412194,3.40611577,1
1,0.581364632,4.791092873,1
1,0.093403675,4.005513191,1
1,0.891471207,4.072910786,1
1,1.87451303,5.652950764,1
1,0.505942464,4.787529945,1
1,2.228279829,6.436157703,1
1,-0.818342626,3.277532578,1
1,-0.793469191,3.892661095,1
1,-0.199239865,3.975012064,1
1,2.171467066,5.877765656,1
1,-0.336081594,4.499711037,1
1,0.659696639,5.368315697,1
1,3.034894943,6.864747047,1
1,0.285641462,4.541189194,1
1,1.550120234,5.085704327,1
1,1.532516956,5.54208231,1
1,0.090175636,3.871675015,1
1,1.72194922,5.869871616,1
1,-0.831904352,2.911923647,1
1,2.190954685,6.267097473,1
1,0.487631977,4.465807915,1
1,0.166649282,4.356470585,1
1,0.312511861,5.154355049,1
1,-0.897993267,3.832179308,1
1,0.152291089,4.174944401,1
1,0.603898525,4.759694576,1
1,1.128881574,5.432480335,1
1,1.270766377,5.712441444,1
1,0.785577834,4.89602232,1
1,1.369037151,4.762420654,1
1,1.487625241,4.777028561,1
1,0.33931163,4.385750294,1
1,0.127687395,4.702676773,1
1,-0.530083716,2.823357105,1
1,0.800180376,4.838981152,1
1,0.015652768,4.820058823,1
1,0.607973874,5.540075302,1
1,0.505523741,3.47274065,1
1,2.57984519,6.370483398,1
1,0.560711682,4.975438118,1
1,-0.714476407,4.097435474,1
1,0.185968742,3.500101328,1
1,0.179663911,4.266693592,1
1,0.790117443,5.085772514,1
1,1.351189494,5.802731991,1
1,1.193890333,4.666037083,1
1,1.106130481,4.790737629,1
1,0.648378074,5.530354977,1
1,0.133223668,4.875165462,1
1,0.903930247,3.90961194,1
1,-0.815463424,3.260634184,1
1,2.104131699,4.439253807,1
1,1.136375904,4.119014263,1
1,-0.022772558,3.574451208,1
1,0.838298917,4.684980392,1
1,1.530916333,5.495046616,1
1,-0.492141098,3.04543519,1
1,0.925649345,5.69751215,1
1,2.085077047,5.775425434,1
1,2.022487164,5.527313232,1
1,0.051871799,4.481187344,1
1,1.105965257,5.002351284,1
1,2.898219347,5.998934269,1
1,1.820364952,5.902830601,1
1,-0.403107196,4.149325848,1
1,3.041891336,6.98219347,1
1,0.741805196,4.203117847,1
1,0.879025459,3.924039841,1
1,1.976076365,5.469833374,1
1,0.332313836,4.704188347,1
1,2.187456131,6.351933002,1
1,0.329759181,4.326602459,1
1,1.863067627,5.030898571,1
1,1.432673812,5.129165649,1
1,-0.384998262,3.35424614,1
1,1.852175832,4.62528038,1
1,0.463723361,3.954273939,1
1,-0.502259791,3.286299229,1
1,-0.291640848,4.364832878,1
1,0.031052934,3.879242897,1
1,0.539460838,4.635246754,1
1,2.139043331,5.264435291,1
1,2.512442827,6.078526974,1
1,0.773579121,4.334374905,1
1,0.710861504,4.858399868,1
1,1.379696488,5.593701839,1
1,1.237701535,5.003421783,1
1,1.036301136,5.045386791,1
1,2.176917076,6.76022768,1
1,2.862019539,7.052986622,1
1,-0.144919679,4.636853695,1
1,-0.01557218,4.701823711,1
1,0.554362059,3.977316141,1
1,-1.621601701,2.782250166,1
1,3.069579124,6.800161839,1
1,0.087970331,3.717540741,1
1,1.342629194,4.481231689,1
1,0.1950863,5.169127941,1
1,-1.708298802,3.73628974,1
1,0.771310151,5.15367794,1
1,2.031973362,6.131592274,1
1,0.124034651,4.000646114,1
1,1.366669059,4.670470238,1
1,0.282379836,4.626183987,1
1,2.107805014,6.693106174,1
1,1.048544765,4.726374626,1
1,-0.467506081,3.671303272,1
1,-0.935434282,2.695155621,1
1,1.199976444,5.1663661,1
1,2.938682318,7.609210968,1
1,1.278532267,5.014998913,1
1,0.578195393,4.711365223,1
1,1.463570356,4.906391621,1
1,0.555780649,4.618212223,1
1,0.575291157,4.538364887,1
1,3.153383732,6.993994713,1
1,2.570822716,5.351641655,1
1,1.510355592,5.971804142,1
1,2.889091253,6.209821701,1
1,1.410743713,4.006406307,1
1,0.426915675,4.660181522,1
1,2.721184492,6.993391991,1
1,1.952401042,5.128143311,1
1,-1.108694792,2.296466589,1
1,2.229146481,6.415926933,1
1,0.104935862,3.761844635,1
1,0.440017462,5.210100651,1
1,0.381926179,4.897497654,1
1,2.624325275,6.446295261,1
1,0.514881015,3.902742386,1
1,1.620794535,5.383437157,1
1,-1.090138078,2.874835014,1
1,0.907904685,5.302383423,1
1,2.470939875,5.79228878,1
1,1.027076006,5.941046715,1
1,0.32284984,4.621025085,1
1,0.595315218,4.522918701,1
1,1.24815619,5.725532532,1
1,0.578359723,4.605358124,1
1,1.379593372,5.306649685,1
1,-0.137345657,3.962052345,1
1,1.146497607,6.029007435,1
1,2.316820621,6.940003872,1
1,1.822716713,6.585461617,1
1,0.003707246,3.653126001,1
1,0.195342541,4.84194231,1
1,2.736782074,5.797317028,1
1,-0.01436274,3.485771656,1
1,1.042157531,5.640841484,1
1,2.191278458,6.178114891,1
1,0.421748668,3.820105791,1
1,0.753652632,4.862277031,1
1,1.207518101,4.909856796,1
1,0.93215698,4.79049921,1
1,0.453842223,4.016442776,1
1,-0.291907012,3.577212811,1
1,-0.983707309,3.888889551,1
1,1.278122306,5.764340401,1
1,0.510303915,4.668585777,1
1,0.124284633,4.233071327,1
1,2.264978409,5.933580399,1
1,0.556248844,5.23277092,1
1,1.600321531,6.088137627,1
1,-0.024757365,3.248918056,1
1,1.824531198,6.374184132,1
1,1.334468484,4.198148251,1
1,-0.829309285,3.409958363,1
1,2.96936965,6.482747555,1
1,1.053555369,4.92308569,1
1,0.506431222,4.402058125,1
1,1.309400797,5.020675182,1
1,1.34963131,5.474009037,1
1,1.47358048,5.905790806,1
1,1.549923897,4.396495819,1
1,0.340557992,4.719595909,1
1,-1.447476387,2.796664715,1
1,1.863142729,5.062258244,1
1,1.256850839,5.553770542,1
1,0.342082113,3.806203604,1
1,2.130872011,6.425147533,1
1,2.80374527,6.067771912,1
1,0.56097275,4.676919937,1
1,0.874892414,4.965624809,1
1,3.403857708,7.231626511,1
1,1.347001791,5.50379324,1
1,2.136785746,6.041277409,1
1,1.921243668,4.595089436,1
1,3.154269218,7.519903183,1
1,0.372051954,4.728637695,1
1,0.6874125,4.529571056,1
1,0.506730318,4.253459454,1
1,1.24210608,4.851299286,1
1,3.337480783,6.504125118,1
1,0.735937595,5.311628819,1
1,1.376981258,5.474289894,1
1,2.08341217,5.142394543,1
1,1.234600663,5.298074722,1
1,1.378959179,5.110375404,1
1,0.725831032,4.800852776,1
1,0.417668939,4.579748154,1
1,0.928054333,4.913307667,1
1,1.740419865,5.076498032,1
1,0.413081646,4.117631912,1
1,0.105771467,4.245410919,1
1,1.193675876,4.69116497,1
1,2.233786821,7.168505669,1
1,2.301924229,6.122147083,1
1,1.385671139,5.133971691,1
1,1.896263838,5.355608463,1
1,0.541994095,4.656246185,1
1,1.08229053,5.129869938,1
1,1.582221627,5.731637001,1
1,1.281877875,5.957639217,1
1,-0.373808324,3.84230423,1
1,2.213757038,5.65286541,1
1,0.384614825,5.178674221,1
1,1.482582569,5.568739891,1
1,0.151453406,3.580287457,1
1,-0.379745632,4.461260319,1
1,1.351674557,4.846788406,1
1,1.955531359,6.3099823,1
1,0.927636027,5.6446805,1
1,-0.396169841,4.038496971,1
1,0.620611548,4.744676113,1
1,-0.052325808,5.007692337,1
1,1.587400317,6.238688946,1
1,1.138542175,5.518206596,1
1,1.954907298,6.696683407,1
1,1.849007368,5.709156036,1
1,2.416173458,6.321441174,1
1,1.714585781,5.719908237,1
1,-0.609028757,3.541853666,1
1,3.416675091,5.955287457,1
1,1.546113491,4.766313076,1
1,0.39002347,4.20658493,1
1,0.223167047,5.04061079,1
1,0.09955813,4.012029171,1
1,1.288732052,6.094549179,1
1,0.624095738,4.974593639,1
1,0.487457335,5.183744431,1
1,0.913369477,4.798120022,1
1,-0.202866465,3.866254807,1
1,-0.340249002,4.291793346,1
1,1.039041877,5.698901176,1
1,-0.258024037,4.556776047,1
1,0.840251505,5.097616196,1
1,0.24734129,4.960136414,1
1,2.444342375,6.190751076,1
1,0.711622953,4.984518528,1
1,-0.194767609,4.311245441,1
1,2.311135769,6.270570278,1
1,-0.038218252,2.851421595,1
1,0.346802205,4.000516415,1
1,1.026112914,5.323412418,1
1,-0.631266475,3.634300709,1
1,-0.992997885,3.529098988,1
1,0.122349128,5.003485203,1
1,-0.74286288,3.478703499,1
1,2.660529613,7.358671665,1
1,3.670225382,6.755030632,1
1,2.026372194,5.582006454,1
1,-0.888065517,3.896643162,1
1,-0.092878155,4.268529892,1
1,3.012146473,6.230342865,1
1,0.353706509,4.787006378,1
1,1.218422651,4.786993504,1
1,0.718769372,4.828341961,1
1,1.043826818,4.687479019,1
1,0.764573157,5.242454529,1
1,0.670575082,3.398532867,1
1,1.02876389,5.31648016,1
1,0.361979485,3.729062796,1
1,2.813684225,6.074429035,1
1,2.118896961,5.538631439,1
1,2.355436087,6.289963245,1
1,0.358420312,4.001477242,1
1,1.540348053,6.47465229,1
1,2.110518217,5.70272398,1
1,1.006093502,5.044613361,1
1,0.887660503,4.064147472,1
1,1.411019802,4.971455574,1
1,1.92699492,6.963870525,1
1,0.853425205,5.148863792,1
1,1.0331707,4.706222534,1
1,0.696417749,5.90775919,1
1,0.81762749,4.91617918,1
1,0.559460878,4.440365791,1
1,1.560235739,4.809827805,1
1,-0.376472861,3.526095152,1
1,0.403308839,4.833014488,1
1,1.72458148,5.20160532,1
1,0.943380654,4.924934387,1
1,0.599195004,3.797109365,1
1,2.913549185,6.819581985,1
1,1.366823912,5.320949554,1
1,2.491597176,6.116026878,1
1,-0.864204705,3.120194197,1
1,1.728642464,5.888982773,1
1,1.014442444,4.170751095,1
1,0.845899463,5.234925747,1
1,3.125333309,5.916957855,1
1,0.791752815,5.265182972,1
1,-1.447901845,3.231930494,1
1,-1.034237385,2.662661791,1
1,0.953078032,4.198518753,1
1,0.572959185,5.440711021,1
1,1.087281227,4.947321415,1
1,0.250672013,3.974469185,1
1,0.556411326,4.940090656,1
1,1.866146088,6.668487549,1
1,-0.366460115,3.860930204,1
1,0.631236732,4.663581848,1
1,1.032473087,5.09568882,1
1,-1.128983974,3.488199234,1
1,0.542605042,3.835561037,1
1,-0.175066859,4.099407196,1
1,3.432007074,6.376939774,1
1,1.136788607,4.983319759,1
1,1.397391677,6.330576897,1
1,0.82545501,5.289597034,1
1,1.856853843,6.24571991,1
1,0.201080576,3.700148344,1
1,-0.410638481,3.501167774,1
1,0.255874008,4.663594246,1
1,1.650792837,6.480800629,1
1,2.975847721,7.411813259,1
1,1.485585809,5.236332417,1
1,2.288592577,6.232350826,1
1,-1.860497355,3.196860075,1
1,1.270829201,4.17064333,1
1,2.173651934,5.554841995,1
1,2.798084974,6.772344112,1
1,1.807575226,5.698246479,1
1,-0.302415341,4.291056156,1
1,2.892995596,6.454091072,1
1,0.076549731,5.079865932,1
1,-0.359968424,4.21865654,1
1,-0.66201961,4.423883438,1
1,0.549610078,4.934340954,1
1,1.577932119,4.931443691,1
1,1.530796409,5.843009949,1
1,2.215183258,6.187810421,1
1,2.116714954,5.976091385,1
1,-0.336535364,3.461441278,1
1,2.175943851,6.91052866,1
1,0.846608877,5.061532497,1
1,1.791226864,6.553167343,1
1,2.536552429,5.929547787,1
1,0.208897084,3.599775076,1
1,1.87315321,6.217436314,1
1,2.125439167,6.443583012,1
1,-0.752299547,3.489751339,1
1,0.101321489,3.995544195,1
1,-0.587843359,3.537981272,1
1,1.834323525,6.667050362,1
1,-0.013712158,4.761466503,1
1,3.151791334,6.797272205,1
1,0.161262676,3.558583736,1
1,2.481907845,5.960649014,1
1,0.368017912,4.38615036,1
1,1.696220636,4.156300068,1
1,1.073919892,5.375619888,1
1,1.176555991,5.368937016,1
1,0.867092252,4.619327545,1
1,1.834548712,5.561313152,1
1,-0.595190346,3.86797905,1
1,0.77671963,4.125243187,1
1,1.884728909,5.866335392,1
1,2.131834269,5.275246143,1
1,2.236969233,5.892711639,1
1,0.86599499,4.960753918,1
1,1.949714661,6.232287884,1
1,2.759129286,6.92844677,1
1,0.917328656,4.828525066,1
1,1.917206764,5.704167843,1
1,0.959777057,5.071149826,1
1,1.532494426,5.194088936,1
1,2.619931698,6.657503605,1
1,-0.485411167,4.167904854,1
1,0.209036633,4.582909107,1
1,0.2121979,4.764806747,1
1,0.722489595,4.317062378,1
1,0.261080444,4.932046413,1
1,2.507233858,6.346597672,1
1,0.389004797,4.678229809,1
1,0.569750011,4.522843361,1
1,1.064078331,5.663876534,1
1,0.457343906,4.7524333,1
1,1.66316855,6.169434547,1
1,0.571224153,3.882243395,1
1,1.971716881,5.709778309,1
1,1.190395474,5.549094677,1
1,-1.354015112,3.24274683,1
1,2.043999434,5.841975212,1
1,1.871055722,5.545965672,1
1,1.775167108,5.5752244,1
1,1.538991332,5.521375656,1
1,0.535387993,5.675319672,1
1,0.571652174,5.291945934,1
1,-1.176235318,2.20410347,1
1,0.389472246,4.366950512,1
1,0.582446814,3.599972487,1
1,1.687742352,5.719202518,1
1,2.456267834,6.797310829,1
1,-1.270204425,2.699367046,1
1,0.009550668,3.572320461,1
1,0.079862572,4.736393452,1
1,0.163712904,4.442830563,1
1,1.057705522,5.36817503,1
1,3.458670378,7.142767906,1
1,0.541536093,4.700657845,1
1,-0.119176798,3.603848219,1
1,-1.249295473,3.402159214,1
1,0.67278868,4.260829926,1
1,1.683642149,6.056526661,1
1,2.3557446,6.30452776,1
1,0.893575728,5.029161453,1
1,0.899534523,5.568761826,1
1,1.480401635,6.551578522,1
1,-0.872059643,3.885658264,1
1,1.802432895,5.985229492,1
1,-0.162881315,4.106619358,1
1,1.029837966,4.867726803,1
1,2.102171183,5.841355801,1
1,-0.387611538,4.071093082,1
1,1.763515711,4.916260719,1
1,1.937541485,5.59472084,1
1,0.823405325,6.767373085,1
1,-0.348370463,3.870527029,1
1,1.016566277,5.125239849,1
1,0.534620821,4.846898079,1
1,1.622496963,6.636568546,1
1,2.770856142,6.587547779,1
1,0.469678015,3.919915676,1
1,3.164085865,6.491307735,1
1,1.467484713,5.453500748,1
1,-1.460676074,3.011501312,1
1,-0.270769328,4.058485985,1
1,1.286352873,5.729384899,1
1,0.095495649,3.969516516,1
1,-0.046527121,4.575229168,1
1,3.66670084,7.175017834,1
1,1.861953259,4.4494524,1
1,0.533455789,5.261975765,1
1,1.891027093,5.056266308,1
1,0.929546058,5.846652508,1
1,1.541792393,5.304934502,1
1,0.63406229,5.082031727,1
1,1.75685215,5.6562953,1
1,0.070686772,4.321339607,1
1,-0.190968886,3.412283897,1
1,-1.035423636,4.183664322,1
1,-0.69303,3.28206706,1
1,-0.569619417,4.655704498,1
1,2.060274363,5.993061066,1
1,1.316156387,5.699987412,1
1,0.660992742,4.834511757,1
1,0.303462148,4.740869045,1
1,0.784527004,4.470336914,1
1,-0.645451725,4.362503529,1
1,1.021319509,4.900425911,1
1,-0.440412194,3.378912926,1
1,-0.026271723,3.76236105,1
1,1.287371039,5.255663872,1
1,1.304924011,4.967417717,1
1,2.605024099,7.509153843,1
1,-1.069597006,3.227080345,1
1,1.92874229,6.726383209,1
1,-0.07467211,4.937904835,1
1,0.942559659,5.107114792,1
1,1.027216434,4.444598675,1
1,1.518082738,5.068922997,1
1,1.484258056,5.001640797,1
1,1.120134354,5.750491142,1
1,0.869275212,4.570723057,1
1,-0.012888076,4.670739651,1
1,1.793559551,5.245952606,1
1,2.560364962,6.813929558,1
1,1.290215373,4.103329659,1
1,-0.582789719,4.428128719,1
1,-0.40909183,4.764200211,1
1,1.547701716,4.731565952,1
1,0.57418412,4.348113537,1
1,0.935882807,4.811769485,1
1,3.762365103,7.21240139,1
1,1.558755517,5.590825081,1
1,-0.146040007,4.572430134,1
1,0.504585981,4.667320251,1
1,1.489941955,4.94927597,1
1,1.076318145,5.123839378,1
1,1.886592746,5.417473793,1
1,0.531392395,4.510830402,1
1,-0.412460148,3.364954472,1
1,2.069498062,5.719719887,1
1,-0.760336399,3.354867697,1
1,1.886589646,6.202223301,1
1,2.154208183,5.824133873,1
1,1.137224317,5.391180515,1
1,1.884156942,6.496472359,1
1,1.600746512,5.159687996,1
1,0.662716806,5.131135941,1
1,-0.618011773,2.602543354,1
1,1.180170894,4.886872768,1
1,-0.1389357,4.523520947,1
1,0.643610954,5.381184101,1
1,0.353592604,5.251472473,1
1,1.092367172,6.047328949,1
1,4.017484188,7.196780682,1
1,0.089888237,4.70654726,1
1,2.465488434,6.171214104,1
1,0.910966873,4.525986195,1
1,0.20348388,3.612602949,1
1,-0.727201819,4.138349056,1
1,0.944705486,4.421143532,1
1,1.492805362,4.991672516,1
1,2.585087061,5.336194038,1
1,-0.576208353,3.1115973,1
1,1.895076513,5.298598289,1
1,1.249552488,5.184565544,1
1,3.308665991,7.97463274,1
1,0.921346605,4.953769207,1
1,2.522587538,6.394350052,1
1,1.070086002,5.903392315,1
1,1.766760588,5.85966444,1
1,1.64000392,5.336513042,1
1,1.80119276,4.896910667,1
1,0.609887362,4.990060806,1
1,0.389882177,4.649542332,1
1,1.194552541,5.467498779,1
1,1.087019205,5.17527771,1
1,-0.085924707,4.189837933,1
1,1.075350881,4.293891907,1
1,3.403349876,7.326210499,1
1,0.860803306,4.868125439,1
1,1.107814074,4.612223625,1
1,3.791024446,8.09750843,1
1,0.334779978,4.662199497,1
1,-0.901266038,4.052670002,1
1,-0.029041341,4.722042561,1
1,0.600038588,4.146409035,1
1,1.657548428,5.022391796,1
1,1.547915339,5.630039215,1
1,1.14444685,5.18207407,1
1,2.739562273,6.139772415,1
1,0.660680234,5.130804062,1
1,-0.638817966,2.399461031,1
1,1.923950315,6.211056709,1
1,1.11935842,5.323234558,1
1,0.195245326,3.644293308,1
1,1.975636244,5.828023911,1
1,0.583712518,4.864093781,1
1,0.320981622,4.064428329,1
1,0.474681139,4.516871452,1
1,-1.036372662,3.728063822,1
1,0.310222685,4.197075367,1
1,2.793995857,7.658934116,1
1,2.504310846,5.923502445,1
1,0.105146401,4.886226177,1
1,1.298751712,5.053477287,1
1,1.46750164,5.664373875,1
1,0.608372629,4.881783485,1
1,2.335608482,6.973357677,1
1,2.121073961,5.842446327,1
1,0.47992453,4.920535564,1
1,1.595220685,4.787302971,1
1,0.277557343,4.282114029,1
1,0.866473794,4.710116386,1
1,0.330406994,4.910148144,1
1,0.638934374,4.85343504,1
1,1.648216248,5.71111536,1
1,2.394536972,5.294106483,1
1,1.286788225,4.923334599,1
1,2.290325403,5.585980892,1
1,1.007941246,4.664423943,1
1,0.642510891,3.653013706,1
1,0.145582139,3.864931822,1
1,0.850040317,4.650422096,1
1,0.697892785,5.262804031,1
1,0.573169887,4.182261467,1
1,0.820879817,4.524547577,1
1,2.908139467,6.741322994,1
1,-0.071410701,4.899600029,1
1,-0.438606799,3.118037939,1
1,2.544482708,5.571090698,1
1,1.936939001,5.096962452,1
1,-0.791522682,3.192756414,1
1,-0.349413723,4.107201099,1
1,0.392724127,4.895861626,1
1,-1.199437141,3.602191687,1
1,-0.735032022,3.053154945,1
1,1.047183752,5.137462139,1
1,0.092661478,3.661765337,1
1,0.478594929,4.571383476,1
1,1.122512817,5.2611022,1
1,1.302532673,5.331345558,1
1,1.458571196,4.942025185,1
1,-0.21382764,3.095686674,1
1,0.359400034,4.417776108,1
1,-0.395861179,4.002247334,1
1,0.459923655,5.290649414,1
1,1.158202887,4.933006287,1
1,0.556419432,4.699739933,1
1,1.021917343,5.777822018,1
1,-1.742816329,2.679780006,1
1,2.307078123,5.715429783,1
1,1.342686176,5.380861282,1
1,1.671211004,6.017742157,1
1,1.440307617,5.699201584,1
1,0.697256863,5.344053745,1
1,1.214166641,6.299618244,1
1,1.33119607,5.52363348,1
1,1.224135399,5.115132332,1
1,1.848462701,5.737704277,1
1,0.440789461,4.085667133,1
1,0.51102531,4.82993269,1
1,1.586056232,4.50231123,1
1,1.755494475,6.330936909,1
1,0.354021519,4.514211178,1
1,0.391934425,4.089138508,1
1,-0.510733008,3.992751837,1
1,1.320863724,5.477516174,1
1,1.247423887,5.215025425,1
1,-0.170095608,3.772321701,1
1,1.741762638,6.67367363,1
1,-0.18436797,5.060193062,1
1,1.18094933,4.787779808,1
1,0.746523023,5.638096809,1
1,-1.087513208,3.670862913,1
1,-0.238147169,4.209924698,1
1,-0.146020129,3.616206884,1
1,0.527102649,4.565474987,1
1,-0.646001518,4.354439735,1
1,1.932107925,4.333934784,1
1,1.6433146,5.048341751,1
1,1.167103052,5.778916836,1
1,2.143375158,5.122458458,1
1,-0.084108405,4.305296421,1
1,-1.117534757,3.063097715,1
1,1.078166485,5.881757259,1
1,1.626077652,5.537912369,1
1,1.13018775,4.507321358,1
1,-1.570207715,1.538532853,1
1,2.176645041,6.745400906,1
1,-0.296652257,4.094182491,1
1,0.214691564,5.281516075,1
1,1.348358512,6.077214718,1
1,-0.5471192,3.760568142,1
1,1.277338386,5.536296844,1
1,1.746539593,6.067650795,1
1,0.885064423,4.625375748,1
1,1.167343736,4.899804592,1
1,-1.048545718,3.575942993,1
1,2.899773836,6.703670502,1
1,-0.021388585,4.03273201,1
1,0.285963178,4.201913357,1
1,1.243095756,5.751605988,1
1,2.666183233,5.976361752,1
1,-1.856703877,2.033850193,1
1,-0.312093884,3.780372143,1
1,-0.057598196,3.965103149,1
1,1.151314378,5.541432381,1
1,1.155916572,5.331567287,1
1,1.383555412,5.898040771,1
1,2.707859516,6.311043739,1
1,2.033419371,5.963282108,1
1,-0.233770937,4.19486475,1
1,1.024719477,5.405968189,1
1,1.656049848,5.158113956,1
1,2.212403774,5.417277336,1
1,1.444790721,5.976816654,1
1,2.40438056,6.737314224,1
1,0.412452251,4.88220644,1
1,1.711438537,5.09294796,1
1,1.309055567,4.806379795,1
1,0.128694028,4.296299458,1
1,1.026230216,5.004796505,1
1,1.213917851,6.194210529,1
1,2.425585747,6.05275631,1
1,2.093755722,5.770823479,1
1,-0.025885608,4.570535183,1
1,0.828726411,4.473466873,1
1,3.658622503,8.042024612,1
1,0.927351475,5.114500046,1
1,0.049369808,4.680013657,1
1,0.649549603,5.145111084,1
1,1.85783124,6.305398941,1
1,1.592829466,5.73991251,1
1,0.895638049,5.054481983,1
1,-0.797576487,3.535571575,1
1,1.310998917,5.024678707,1
1,2.08968401,6.320765495,1
1,1.755456209,6.213753223,1
1,0.819182217,4.583908558,1
1,0.565766096,4.241671562,1
1,1.381024241,5.477288246,1
1,0.797243118,5.537470341,1
1,0.505320013,4.138937473,1
1,-0.708436012,3.476797819,1
1,0.169718578,4.302510738,1
1,-0.546640873,3.856548071,1
1,-0.285616785,3.82659483,1
1,0.947259068,5.354221821,1
1,2.52860713,5.566652298,1
1,1.157012463,5.259871483,1
1,-0.072388649,4.35772419,1
1,0.5299384,5.396365166,1
1,-0.095417425,4.396375656,1
1,-1.03851223,3.069364309,1
1,0.150407225,3.428006172,1
1,2.13348937,6.40524435,1
1,1.098870158,5.216798306,1
1,0.901869118,4.701721668,1
1,1.618313432,5.789375305,1
1,2.001629353,5.800758839,1
1,1.193247795,4.754346371,1
1,1.391107321,5.85828352,1
1,-0.106188744,4.076775551,1
1,0.428112984,5.463598728,1
1,1.66816628,5.963796139,1
1,-0.435739815,3.529145002,1
1,-1.893148065,3.583994865,1
1,1.436091304,5.586575985,1
1,1.230200529,4.356041431,1
1,-2.5041821,2.198210239,1
1,2.824158192,5.414139748,1
1,2.137214899,6.42787838,1
1,-0.2569637,3.92049408,1
1,0.800841153,5.068706036,1
1,1.629433632,4.79294014,1
1,2.63865757,6.741692543,1
1,1.882110357,5.518105984,1
1,0.44856286,4.223086834,1
1,1.825993299,3.855392218,1
1,1.170196295,5.743783474,1
1,0.607646346,4.758787632,1
1,0.794902623,4.997445107,1
1,0.328097343,3.697551966,1
1,0.748289764,4.826867104,1
1,0.197855771,5.116034985,1
1,2.105987072,5.554143429,1
1,-0.57536763,2.926306486,1
1,1.132415771,4.698899746,1
1,1.329334736,5.931216717,1
1,0.931255877,5.363433361,1
1,0.951409876,6.03493309,1
1,0.71883148,5.06791687,1
1,1.749179482,5.500568867,1
1,-1.075472713,3.13441062,1
1,0.786041081,5.451791763,1
1,0.918787479,5.395699024,1
1,1.539736867,5.620429516,1
1,0.654845476,4.391499519,1
1,1.136963129,6.099398136,1
1,0.095230237,3.332252741,1
1,-1.062602758,2.92960906,1
1,1.55024755,4.898205757,1
1,0.059164722,4.654551506,1
1,0.83748877,5.21159935,1